Payment_ID,Order_ID,Payment_Method,Transaction_Status
0,e32af09a-b6ab-497e-af3a-331e4d4ed6e7,Debit Card,completed
1,86eb8859-14ab-4d4e-9267-c5826f4e0c8e,Credit Card,completed
2,7379b560-8897-4623-92a2-523ddcdc43a1,PayPal,pending
3,30c57f86-2fed-43c0-a399-654c2c3bb18d,PayPal,completed
4,41c29d81-9622-43c1-b537-7cdb320d3e6a,PayPal,pending
5,0b8915d7-0614-47c4-88be-25aae8fa477b,Debit Card,pending
6,5f05f9e8-57c3-4610-bc41-3c2ccbe3e783,PayPal,completed
7,0abf28e1-7a76-47d5-9d66-2fe2ca920fda,PayPal,completed
8,73129f55-e6fd-45b1-a3ac-fef5fae85dd7,PayPal,completed
9,17647c6b-d1cc-4c86-a1d1-b06641de1574,PayPal,completed
10,a16962fd-0ae2-45cd-bc79-bb5c8fc3c76c,PayPal,pending
11,444dee20-f3e7-4a46-94bf-86f28f3218db,Debit Card,pending
12,2bad61d7-1e00-4280-9c63-851860da9097,Debit Card,completed
13,f4ca896e-9500-4cad-830b-1d4c264d2e17,Debit Card,pending
14,7b10e89e-29e2-49df-951b-cb69f5d63fd7,PayPal,pending
15,596d5762-2de9-4c0f-aa7c-7e6eefefb2fb,Credit Card,pending
16,4e830cf0-ea4b-451d-b5ed-753db1dfe1fc,PayPal,pending
17,0e137c97-97a6-4818-848b-de4c93238bb7,Credit Card,pending
18,069722e1-6803-47af-9c47-b07bc05c7671,PayPal,pending
19,5c3f5e4c-676e-4223-b23d-74e93cb85325,Debit Card,pending
20,18cc409c-c3fe-4a0a-badd-25b7c0bd5e7e,PayPal,pending
21,5584dd7c-bbe9-44f2-8928-5be0cb2b912b,Credit Card,completed
22,e2f1292e-f7d4-4921-9ca1-20d8304b94ab,Credit Card,completed
23,21626bc3-a6b1-4d05-833b-1765a2763852,Debit Card,pending
24,603fcde8-7cd1-4101-9c18-a3b36b435a7c,PayPal,completed
25,96af1605-fe1f-494a-ad0a-77a9c6d3568a,Debit Card,completed
26,ecb2c286-1e0d-468d-a16a-ded8b8624aa0,Credit Card,pending
27,430d7413-f257-401f-b302-4354e6b718b4,Debit Card,completed
28,1ad65d13-2045-45e0-b163-645af742e15f,Debit Card,pending
29,7f6d7fd7-c53d-495e-8568-c50e96c7a122,Credit Card,completed
30,57d7cba7-1eeb-4305-8322-a5923f89ec8e,Debit Card,pending
31,18ad0b1e-12ad-49f2-82b4-f6b05970f153,Credit Card,pending
32,997e4481-e229-4217-8442-8c00b89b8b53,PayPal,pending
33,84b0be99-00e5-4607-aa54-12f95f1dcdb0,Credit Card,pending
34,dfe2d902-1fb6-4a4d-ba6b-dba989fb8a2d,PayPal,pending
35,3454381b-011b-4716-881d-d80693be949a,Debit Card,pending
36,1860702a-d1e1-4787-bdcc-22a7c6600e06,Debit Card,completed
37,f5bb251f-db0b-46b0-848c-65aa5b9e9550,Credit Card,completed
38,c61cc74d-2164-408b-898a-acb5e4e44d11,Debit Card,completed
39,04ece03c-e0b0-4ca2-ba08-dd28679ee8d3,Credit Card,pending
40,3bd37a36-78b4-4665-a60e-491c763c40f8,Credit Card,pending
41,c66780f2-8a1e-4fca-870b-181b52cf63cd,Debit Card,completed
42,bc4de080-826e-4788-ba5a-7da88b855264,Credit Card,pending
43,aabd8e91-6eda-4525-b56d-06b0854061a9,PayPal,completed
44,a40613f7-16d2-4d7a-859b-f8012de2ecb2,Credit Card,completed
45,98d53cdf-ccd5-46b3-b922-aa5f1bfd15e2,Debit Card,completed
46,00d4c621-4a00-4647-94f9-74010986f748,Debit Card,completed
47,2eea1c97-7afd-4b9d-b9ac-aebd9b709dfd,Debit Card,completed
48,92ff9371-ea5d-4ec7-9b4e-94a4ffbd7e49,Debit Card,pending
49,155520c0-7774-4203-bcd5-dc3c2466edcc,Debit Card,pending
50,fc5e0698-68cd-4411-98a3-baf3e4d6c5b4,PayPal,pending
51,ab7ddbc5-6ee9-4081-aeb7-88fb3af82b26,Debit Card,pending
52,4f605e9d-47ae-4819-b2c0-a58f467ad3ae,PayPal,pending
53,00345807-1ad9-448f-85db-610cea1bdbb5,PayPal,completed
54,d92b9388-af6c-48d8-a433-060dae45b934,PayPal,completed
55,aac2eb8f-2b26-452f-ae67-7bc83c4d7166,PayPal,completed
56,438ce487-07e7-4a89-ba3d-2c8c04227f16,Debit Card,completed
57,e7db9e18-d543-4189-a7c0-6f559134e8a9,Debit Card,pending
58,3ba80f45-b252-4f4f-867c-a0bd4aaf59ce,Credit Card,pending
59,92dab93e-1d44-4cf0-b6a3-362e0d5c4259,Credit Card,pending
60,06c0cac9-e3a2-4949-b2e1-2fd35a355a63,PayPal,completed
61,60fed19d-140c-4d0e-8d78-f3f7109990c6,Debit Card,completed
62,e30e7b5a-4af8-45ce-bf1a-dcd6bf058355,PayPal,pending
63,0c5531d4-e01e-4880-98e7-62aa02780134,Debit Card,pending
64,b260cb3c-d156-476b-b9be-3d4fd5ee21c2,Debit Card,pending
65,e220489b-3d05-4a8e-b928-1850607bded5,Debit Card,pending
66,41a2032e-c7bf-4779-8052-ea23930310d9,PayPal,completed
67,33e8f9e0-3e82-4bef-a386-2a59a87d5b55,Credit Card,completed
68,7a9f8cc8-5a8a-4a8e-8378-860a619c8317,PayPal,pending
69,836842da-55bc-4849-99b8-28333ab20ba4,Debit Card,completed
70,1fe47c23-24f4-4cb9-8aba-e91a1d2e4739,PayPal,pending
71,5086d05c-98d4-46a2-aecf-90186a8429ba,PayPal,pending
72,eac1047e-f00a-42f0-9aab-83b1fe5658e2,Debit Card,completed
73,056cdca4-295f-4312-a3b2-4169ac6eb60f,Debit Card,pending
74,de9c94f7-9a77-463b-bd68-cedbe9fb5825,PayPal,pending
75,30ea9c67-4c20-4afe-8627-42c443787fec,Credit Card,completed
76,4912b08e-d89b-4705-9609-a9b1e651070f,Debit Card,pending
77,6eb5072a-3c71-4980-b317-1cb47b587a4c,Debit Card,pending
78,9260325a-acbb-4182-b952-eb1202095229,PayPal,completed
79,e064cbb3-2672-4af4-805a-12b8d71fc50e,Credit Card,pending
80,91a8c11c-36c5-4a5d-8d24-7b4699859c40,PayPal,pending
81,1ca12937-3b68-4cc0-ab82-7bc304706138,Credit Card,pending
82,81d59d6a-b8c2-409b-b69a-fef6eb75d999,Credit Card,pending
83,b09ed6de-a4da-4653-8916-cc713173b0a3,PayPal,completed
84,8ea513c9-21de-4f8f-94b2-989c4977a9a5,PayPal,pending
85,8fa1dd9a-d2cd-475d-8609-1e8eaa5e8906,PayPal,pending
86,37157320-f42d-4465-87d4-1fd01d30a364,PayPal,completed
87,8784aaf0-0ffd-42a7-b97c-429e2877bba0,PayPal,pending
88,cb903c46-384f-472d-8016-d21072e8c541,Credit Card,pending
89,3e5aff8e-4091-4a33-8d6a-864dad71f15e,Credit Card,completed
90,b1e094f2-3886-4d97-b227-917a58f0cb67,PayPal,completed
91,bc3a23aa-3ae4-4c89-a5ae-a13c61a866b3,Debit Card,completed
92,6137ecf8-a6c4-4d14-bf43-683f55037c99,Debit Card,pending
93,89016613-cb1f-456a-b5e7-9896ef66f516,Credit Card,completed
94,137a013b-686a-4351-b163-e9726c0c167f,PayPal,pending
95,622afd4b-90cb-4664-8163-94bd3f1a9c49,Debit Card,pending
96,07fc8a1e-7a1f-4ec9-b51c-9191ecd7d909,Credit Card,completed
97,8046ca18-62bd-4535-81bb-bf0dc3713a9a,Debit Card,pending
98,d0d7abf0-c1c2-4f23-8916-d15d5bdd0d55,Credit Card,completed
99,8b319197-3ce7-4ce7-8ccd-325a3c215fd1,Debit Card,completed
100,dfb71ec8-0db1-4383-9d87-4dc8a86fd451,Debit Card,completed
101,ed3a539e-70ea-41d5-9e50-b63e3274a6ee,PayPal,completed
102,51105095-b245-42be-a65b-783a32cca644,Credit Card,completed
103,716a887b-e315-4a20-9c54-72a939bf1b12,PayPal,completed
104,a41e2ba4-0941-4e7b-9968-f885aa291f34,Credit Card,pending
105,77acbd6c-18b6-408c-82d9-8f847d06cf3c,Credit Card,pending
106,ea276728-b431-44fb-9abb-5ad2a3af8106,PayPal,pending
107,8c754ac5-620d-4c72-a324-8401ce5f2e64,Credit Card,pending
108,623fe2b0-4523-42d2-8678-4a293e0feaee,PayPal,completed
109,f4033a1f-1dff-420a-8ba5-90a47c702011,PayPal,pending
110,b6524b21-4a94-4563-bc3c-482c22dc5f46,Debit Card,completed
111,ee8d4f90-6047-4413-a367-aaa377cf1d4b,Debit Card,completed
112,994f6045-6344-4716-9ec4-790a37a421c7,Credit Card,completed
113,7d01ec9b-ab07-4097-a51f-44bd3b2ed19e,Debit Card,pending
114,b1e24b38-98c0-498a-a7db-4b4e22237f19,PayPal,completed
115,c2754525-3585-47fa-a969-620515459824,Credit Card,completed
116,b5e8420e-ffcb-47b4-8abf-a58dd861d9df,PayPal,completed
117,867cdcee-517c-4bc9-b2a0-6cd75c0bb320,Debit Card,pending
118,9835ecc8-76c3-49f1-a589-55bba2647fed,Credit Card,completed
119,b9eddd78-683f-46dd-9150-40180d07981c,Credit Card,pending
120,8bd73181-8ee6-4217-a84f-5c785e270eaa,Credit Card,completed
121,a64e6e4d-202e-416f-bd25-184be7a736a0,PayPal,pending
122,57b0fbe8-ebb9-4959-8b29-743f0282d095,Credit Card,pending
123,1803782f-2e72-4de3-bd22-2ca1d418631c,Credit Card,completed
124,c47c4e49-8b45-4e1d-a753-241229411039,PayPal,completed
125,c78899f3-69af-4220-a612-ae7386c0535e,PayPal,pending
126,3d594022-e3c0-43b8-9135-f285de0dc550,PayPal,pending
127,6e76489a-61c7-4a38-86ff-50d9384dd91c,Credit Card,completed
128,bd2ed25c-ec93-4e22-8cac-c30ee099eb2b,Credit Card,pending
129,aaff32d2-6147-4556-87ba-5657c8f7943c,PayPal,completed
130,a23382b9-4283-4c87-aa8e-2e1ff0e7ed15,Credit Card,pending
131,97112199-2137-4247-9c29-f7ba157d3096,Credit Card,completed
132,de31f253-97cb-4795-82dc-83fe3f395b44,Credit Card,pending
133,e5153a09-b24f-42b3-98e7-ff88f69fc116,Credit Card,pending
134,1d47d0ba-6d65-43a4-ac91-752063020901,Debit Card,completed
135,9a10c20a-c3a1-43aa-9644-89d2a4e97f2a,Debit Card,completed
136,13fc310b-aa28-42da-b771-456f3cf71e73,Credit Card,pending
137,d5e5d424-7948-4e2d-b716-0f98239a52f0,Debit Card,pending
138,b08a89e4-41dc-4f92-8d5f-d9c6bb1cfdeb,Credit Card,pending
139,10e32f48-9bd6-481e-a2d5-92e1835755fe,Debit Card,completed
140,049c8752-d11a-4962-ab90-4270f26573b9,Debit Card,completed
141,ecd1a03c-5ae9-48d2-a30f-e5ac89168084,Credit Card,pending
142,a5a06821-14b7-4116-bcbf-a0eef763cfe2,Debit Card,pending
143,726e54af-f716-4294-ab80-bde0a3e19599,Credit Card,completed
144,2a2ec688-4777-4ffb-aa67-d63ab1985d3d,Debit Card,pending
145,11505a69-2d39-4acd-91d8-1ef69d728d15,Debit Card,completed
146,e5a4e5a8-0fdd-4d1a-810d-91a49ea5faeb,PayPal,pending
147,9e3c47c5-e1b0-4e57-855a-15fdca2a7358,Credit Card,pending
148,c4bad437-fdfc-4dc2-8792-bbaf84c3ac9d,PayPal,completed
149,adf03920-669d-4f4f-89f6-7e65c1dfb563,Credit Card,pending
150,3fa8ea6f-5345-4fea-a083-34f468e0f60a,Debit Card,completed
151,1c259bdc-0dc7-4883-9691-e2decb61822f,Credit Card,pending
152,a8d887f1-bfaa-43ad-98cc-3c89b5dcfa9a,PayPal,completed
153,1d4c0229-862b-4157-a525-9d0a16615ca7,Credit Card,completed
154,1169f725-6b09-4e19-8859-7cf53656ee9e,PayPal,pending
155,2857a8be-0feb-4ef9-9069-83184e3f1600,Credit Card,pending
156,1a66fcd7-07bc-4a04-aeba-df1a1fd9f8ea,Debit Card,pending
157,5489aae2-3aa1-45a8-87ad-6378dcc16b1f,Credit Card,pending
158,86ea2c98-f0d4-45af-828e-4d93773902d6,Debit Card,pending
159,7aadec5c-95d0-45c6-9e0c-6a4afd248222,Credit Card,completed
160,c5034c3f-c88f-4f28-af5b-2fd8086288a4,PayPal,pending
161,8aad76bd-3679-46ab-9ac5-463c57ae0a90,PayPal,pending
162,62cf3ba5-9c73-43c5-8f85-3abe76bb03c7,PayPal,completed
163,a09072a1-f47f-4400-bf78-b2e66d1e8e10,Credit Card,pending
164,ba80f680-5d3b-4327-9ad9-b3e5b7dc25f9,PayPal,pending
165,49cd78a7-bb2e-425f-a67a-dc2b40bfff7c,Credit Card,completed
166,3b5ec143-13a0-48ca-954a-1d4a8127023b,Debit Card,completed
167,b7f82208-4505-4505-8af9-4955989c45e0,Debit Card,completed
168,6e3a594c-2451-4381-893b-cff916e4c70f,Debit Card,pending
169,c36b523d-fe02-45d5-8c15-8bcfdea23e30,Debit Card,pending
170,26bf60b5-cf29-42c8-9218-3ef994ce32c3,Debit Card,pending
171,311911c6-6ba9-4c70-8fda-69bd9e8f6c8f,PayPal,completed
172,425d036e-0a3c-4cd0-8ffa-57d8025acd22,Credit Card,pending
173,e273baa7-217e-4360-beea-9aa7bdebb7b7,Debit Card,completed
174,5d583e28-ba05-43de-8e1a-9587a0db5c67,PayPal,completed
175,ede2554f-e412-4102-a887-5925726cda22,Debit Card,completed
176,c2f96054-f536-4ea3-ae7a-f45e4a5755aa,Credit Card,completed
177,9489de37-e1ff-4477-b465-a26c90c91244,Debit Card,pending
178,83ed0b81-ef36-4da7-b902-01139d8c03de,Credit Card,pending
179,582c886f-a890-42d5-adbe-020aabe52baf,PayPal,completed
180,5faa7024-eff8-483c-8cd9-6fb99dd3d9f1,Debit Card,pending
181,c32e292b-ebba-48c0-a675-a1ccb5faf4be,Debit Card,completed
182,3c780f69-7b48-419c-ab9b-6242ad875c81,PayPal,completed
183,62c6a0aa-98ae-460c-90f5-c4defa1e290c,PayPal,pending
184,3ab3e083-d06b-4674-894f-3af4b88d595a,Debit Card,pending
185,14fce714-a507-471b-914e-8d164f2d34ea,Credit Card,pending
186,3188f0f4-4664-40bf-a661-89d841d251f4,Credit Card,pending
187,aececef3-9452-48af-9c4d-8ccf67ed7ce1,Debit Card,completed
188,d8cc0e34-4e88-40e9-ab89-9a2f64c4d57f,Credit Card,completed
189,bf6bc8b9-d4fc-4947-ab8c-c25fb3b0d4c3,Debit Card,pending
190,3d1ba566-b3bc-4957-9ec7-9153ee180efd,Debit Card,completed
191,6e36ffdf-2f42-4516-9418-344b0d71ff4e,PayPal,completed
192,aba764d3-1924-40fe-b104-c42803bc680a,Credit Card,completed
193,1678ddab-9a7e-42cc-821f-dd3137239dc5,PayPal,pending
194,2f201581-c63b-420a-a1f7-60be8953c85b,Credit Card,completed
195,9dc28170-d075-43e2-b411-8d58ab0dd99f,Debit Card,pending
196,896ed392-dd11-4a3e-8e1a-b822ff9b0278,Credit Card,completed
197,4e997e06-9f6d-4bf5-8c2b-7daeb8092e14,PayPal,completed
198,70c64ead-8a7a-464b-88bc-672efb07e0f2,PayPal,pending
199,88fef3a8-eb93-4797-bb6e-e74bbb82c56f,Credit Card,pending
200,9d9fcf29-9ea0-4082-885f-3fd65733cf64,Credit Card,completed
201,e1e9156a-b3ca-400a-af1c-0733032d30ef,Credit Card,pending
202,f97dc885-eb31-46e1-b88b-a278e76162ce,PayPal,pending
203,3041828a-6eb2-4126-9f52-a397d32419bb,Credit Card,completed
204,266575d4-103e-4658-969a-6da741e40c7f,Credit Card,completed
205,22be3513-9e31-44de-955f-4653f96dc9c2,Debit Card,pending
206,79c7782e-ccf6-4227-8a19-0577c8ba1ceb,PayPal,completed
207,6af841ad-0efa-418d-9175-850cb2133caa,Debit Card,completed
208,9290676d-5d03-4d4f-a7eb-2f2aac81ef52,Debit Card,completed
209,5aa24a4f-3a99-4e9d-b2fd-57abf7ea4a38,Credit Card,pending
210,d660873e-b05a-464c-b961-3e22e3d808cd,PayPal,pending
211,97a4df25-6b0a-4ac6-af41-f285db809525,PayPal,pending
212,c1646719-2de3-4fd8-9a8d-b418e99b52a6,Credit Card,pending
213,ffbe7f82-8ac9-4015-a4a0-c29929109895,Debit Card,completed
214,39452d62-ec84-4b86-8fa3-1679ea63ef51,Credit Card,pending
215,f3b69cf8-ce6a-4b01-a7c8-6349f8bceadd,Debit Card,completed
216,1b00c7ff-885c-4de8-a4ef-85e71d840186,PayPal,pending
217,07bd1931-0ea4-43d3-883b-1596906ea3ea,Credit Card,completed
218,3d9bada8-8ab2-4859-b564-cab9c09bd749,Credit Card,completed
219,53b9890f-bf92-433e-be2b-b3a7557dcc3b,PayPal,pending
220,ac6afc64-f2ae-46cb-81ed-4b09aed04bcc,PayPal,completed
221,d0d0c26d-de9f-4207-afbb-80f5332bed38,PayPal,pending
222,014e0bdd-2164-4bd4-82fd-cae6e15f3ca7,Credit Card,completed
223,26e84a4c-c8f6-4c6d-9a34-f2c491bda57c,PayPal,completed
224,ba8aa827-755f-44b0-8a2e-173d549f6d4b,Debit Card,completed
225,070a430e-7584-4547-bcb7-2f51250cd4db,Credit Card,completed
226,b6dd4e28-62a7-4c0f-9cd7-b342a3fb4e8d,PayPal,pending
227,d86c1639-ade8-4165-84be-86e5a7763ac9,Debit Card,completed
228,b472b6f8-b04b-4f22-a030-f6bb47d0d3f4,Credit Card,pending
229,73acf56b-9b1d-41d9-b4cc-51303966d095,PayPal,completed
230,5f34f258-2203-4b4e-b7cb-9a248a11db2c,PayPal,completed
231,310f9654-cb7c-4c53-a93d-ae2bfb8166c4,Credit Card,pending
232,60bd7260-1c37-424a-9653-2788068746e2,Credit Card,pending
233,1a66e219-bea7-4424-85ee-6ede4fdb291e,PayPal,pending
234,b65c0907-f42f-4ee8-ab9d-bbc9d036dbb7,PayPal,pending
235,98779ac6-1300-466a-95e6-1e22d06880bb,PayPal,completed
236,634f7d66-5146-42b3-a51c-fd1ecd9eaaea,PayPal,completed
237,b8d3d6bf-1a6f-455e-b7b3-ea82d4e87e4f,PayPal,completed
238,677ddb28-4027-4cbf-ba69-94605b723eb1,Debit Card,completed
239,7bc41283-dbfe-48b4-931f-bda079d37bc7,Credit Card,pending
240,73ff105c-7ff8-4e8d-9930-edafaf7caa77,PayPal,completed
241,1a0726ea-cbe1-4c92-96fe-da875cbbade4,Debit Card,completed
242,8317261a-ed9b-465e-af8d-539822008c8d,Credit Card,pending
243,e052f597-f197-494b-9168-8c14c9b1d79d,Credit Card,pending
244,9e4b0897-7b8c-4427-936d-fdad5b7ce4df,Credit Card,pending
245,1db6c016-5a11-450a-9046-3016ea0f9d0f,Credit Card,completed
246,af3270b9-8552-4703-b7f3-5adb96d35464,Debit Card,pending
247,8a7ee08b-65ef-4af5-9946-d6c16171c324,PayPal,pending
248,8e585b39-3e42-4555-8405-de505f939335,Debit Card,pending
249,282b5854-c77b-4f17-b34a-c3ef10f570cf,Credit Card,completed
250,d857e858-cde6-4e5e-b225-fa6fef100dc3,Debit Card,completed
251,2ad1d23b-0e40-4cc3-9cb9-026463b54d8d,PayPal,pending
252,162368a6-6018-446b-997a-dada9283a81e,Credit Card,pending
253,7d31a595-8304-46db-9a38-ea4f08e344cf,Credit Card,completed
254,c38256ea-4299-4eb0-a661-4f7b77fc3ed5,Credit Card,pending
255,deff689d-7ff8-4c86-bc84-794a2c1095b2,PayPal,pending
256,85b28ba1-a108-44f0-ab4a-ae1d8f08e63e,Debit Card,completed
257,375a0950-7943-4277-a28e-f226d1622bb0,PayPal,completed
258,c342ece5-c107-4340-bcc6-7d453fa18616,PayPal,completed
259,fad5c6ad-d3d9-4440-940f-59e3780b7b76,PayPal,completed
260,8565e3af-7055-4f93-95c4-918ad3577552,Credit Card,completed
261,95dee7fc-b9d2-458d-b6f1-21d456e11ce2,Debit Card,completed
262,827a01df-0d6b-4af1-b758-de9452cab626,Credit Card,pending
263,0b571005-98e4-415f-b714-8fb2d65ea42d,Debit Card,pending
264,2222e3ef-e0ba-4083-bd49-976d823096fd,Debit Card,completed
265,aabf8c36-61d4-4354-a2d1-560affb8745d,Debit Card,completed
266,6ba21257-1a1d-4919-a18e-a4b9bf600c72,Debit Card,completed
267,284d94a2-0a0f-47fc-acba-65ce9d918a1a,Debit Card,completed
268,bf0873f4-ccfc-4608-ab2a-bd8b344c1cf9,PayPal,completed
269,dd61c622-fea0-4fe7-b9d6-5ca010fb6f70,Credit Card,completed
270,0f1abcfc-766b-46ef-ad6e-05aad951ed0b,Debit Card,pending
271,f492941d-2d27-4982-b71c-4e729a06ad57,Debit Card,completed
272,67459a75-9522-4cd2-9e8c-79acde1ec482,PayPal,pending
273,672cf0d2-d5a9-4273-848a-a575e7cdfbe9,Credit Card,completed
274,71f1d0b3-17ca-4524-9b85-13d50ad3c536,Debit Card,pending
275,ebf8781d-9498-4f94-a3f2-99ee42987a9b,Credit Card,pending
276,728965cf-d266-4843-893b-a1adf757b05e,Credit Card,completed
277,4739bc62-caf3-4523-b900-7372c3afeecf,PayPal,completed
278,345acff4-b58f-4b86-ae12-8973b65027fa,Debit Card,pending
279,b5061759-a416-4f2b-a683-6d89467c4cec,Credit Card,pending
280,8f746752-bb2d-40af-810c-481e360d3c51,PayPal,completed
281,7917bca8-1364-494d-a7c7-64a1907f1c23,PayPal,completed
282,453b86e6-01ba-45dd-bb88-d3b8b58e2329,Debit Card,pending
283,489ab07e-e5c3-4443-b1c7-a812639254c1,PayPal,completed
284,72488bf2-e474-4dc1-8edb-69caf299e683,PayPal,pending
285,319fd463-d4d7-4b13-b428-5ddcae4b3ec8,PayPal,completed
286,ef8927a9-b146-4d62-8505-9e3a0be62e6d,Debit Card,pending
287,10fe6a90-743c-4318-84d9-60ada00c42e2,PayPal,pending
288,cb41cb71-eff6-4053-8938-02d04ee8b7ac,Credit Card,completed
289,725d9d75-4b58-4131-b922-c03d271ef9bd,Debit Card,completed
290,451ba6e5-aa6a-4db5-94a2-e401ef86ad2e,PayPal,completed
291,6053b6b1-8091-4c47-9ab1-002c253fa5ac,Debit Card,completed
292,010f3849-f40c-481e-a00b-2b8b83f6bd49,Credit Card,pending
293,30ee64dc-a1d4-4f63-af48-41f3549139e2,Credit Card,completed
294,ad222114-c3bd-49a4-9e2b-e38e372267cd,PayPal,completed
295,bfe8b8bf-369a-4b0c-ba0f-556ca9c4160c,Credit Card,completed
296,14b8c658-0a59-4b47-ad95-894828d825ea,PayPal,pending
297,bc1499f5-1408-4408-9ea8-6c4c1f2b0122,Credit Card,completed
298,0e65a433-8972-4693-860a-a161f4473d5e,Debit Card,pending
299,a4bf082c-3a36-40f1-8f23-07e67e515495,PayPal,completed
300,d420b722-774c-4675-bda7-679d62de4b90,Debit Card,pending
301,392a5ae5-47c4-4c40-954a-b0c9e4712b07,Credit Card,pending
302,5141f08e-737a-40d1-80d7-11c535c5549c,PayPal,completed
303,0b2debc9-a246-4187-9007-02c76be1c2f3,Debit Card,pending
304,84a17651-7445-43df-bbea-962dfe60b5dc,Debit Card,pending
305,362a9eaa-2df6-44e3-a290-dcbed57f45ce,Debit Card,pending
306,f0cd3a47-c40b-478f-8baf-69280592a06e,Credit Card,pending
307,6d541568-919a-440e-8727-17288fa8edaa,Credit Card,completed
308,4b56eb31-4206-454c-8d6f-724b4172e946,Credit Card,completed
309,2fc14b66-cbef-433c-802d-58fee7596ca5,Debit Card,completed
310,e74f4799-69c0-4947-94fa-5279ad76bf56,Credit Card,pending
311,0546096d-76ec-49b9-bc23-e5fae0c910f7,Debit Card,completed
312,d3c1d095-57f7-49af-a5be-ecf1580bcda1,Debit Card,completed
313,fcff8dad-5b61-4475-aa95-87542cc2881b,Debit Card,pending
314,6f1ae9ff-3f8a-486b-a81f-757e2608080b,Debit Card,completed
315,aff8e4a6-24b7-432b-9fe6-1e7107c91fdd,Credit Card,completed
316,fc7c0c82-8fd6-45c7-9555-5292c4654537,PayPal,completed
317,c6982d99-17fb-4a4c-a922-46e39b7a6b89,Credit Card,completed
318,cb870a86-77d3-4b31-94f3-e5fcaf55e64a,Credit Card,completed
319,843cce76-b0ac-4dad-b53f-eb04a8208445,PayPal,completed
320,307d726a-313f-4dea-9c3b-ea0c37d33519,PayPal,pending
321,6ef54b28-696d-45f4-8038-10800c944e95,PayPal,completed
322,80778f19-3996-4560-87f7-ac2bd2d8a30b,PayPal,pending
323,01067320-23fb-44e4-9eef-f79e376818fd,Credit Card,completed
324,206511c8-5339-4ddf-894c-2c0777661a4d,Credit Card,pending
325,5f7a4270-8e8b-4948-934b-95f81285c00c,Credit Card,completed
326,b6a35fc5-877c-419d-b285-5fdbcc45fb84,PayPal,completed
327,e28e41fc-28e9-4c10-bc3d-e1ba3edb136b,Debit Card,pending
328,2cc10d7b-df53-4794-9b8b-f2e35fd59aeb,Debit Card,completed
329,be722181-9585-42ba-88d6-e541c1512ad4,Credit Card,pending
330,f9446ec4-de62-4335-9795-7e3b330f4935,Debit Card,pending
331,c02ebdd3-1408-4854-953e-91dc5202f4eb,Debit Card,pending
332,acd63fa3-4801-458b-a518-572bca0865be,Credit Card,completed
333,24b567fc-e580-4125-a611-2bbd1ed7c9b3,Credit Card,completed
334,d9d268b7-7d34-4991-af7a-2f2c7f16da30,Credit Card,pending
335,83663739-b2b8-458e-9637-3d0b2c41a1cf,PayPal,pending
336,4f158893-ea02-49b8-a68d-af099556a177,PayPal,completed
337,83301755-bd3e-46ec-a5da-b6b23bc9d75b,Debit Card,pending
338,04934561-4b99-43c9-a41e-6539f215cd69,Debit Card,completed
339,b3afa7d1-cc91-4fbf-afa7-56661d7d04db,PayPal,pending
340,8037a739-ecf7-4351-9a38-92f1b24494fa,Credit Card,pending
341,da38469c-1b05-465d-900b-6216e61f6338,Credit Card,pending
342,08a4cff0-5e5d-43ab-a997-48b6a6308ed6,Debit Card,completed
343,98f0544b-cb41-4024-bf85-93282789dd3f,Debit Card,completed
344,10841fbd-e87d-41a8-ad98-ff2a328650a0,Debit Card,completed
345,e8bc2c3f-cd44-4ead-b6c5-4514e6305d3c,Credit Card,completed
346,bd517f66-3d2f-4c19-a898-254102e54434,PayPal,completed
347,0c71a0d6-9264-4867-a131-62d5c42d02e5,Debit Card,completed
348,b743b05d-cf64-45c2-955f-843b5fa0b7a1,Debit Card,pending
349,517d6870-331b-434a-957b-43306ef0fa1f,Debit Card,completed
350,3ddaa585-c5a8-4457-9e3c-32e29d0f1351,Credit Card,completed
351,3781d4b6-4f3d-4146-ac83-b46e6c8c18a2,PayPal,pending
352,84e17300-c030-4582-8bc6-434859cb6f48,Debit Card,pending
353,94925229-cb52-452b-ba91-cae9b1da7878,Debit Card,completed
354,be922e5b-9196-4cd5-b379-e7cab278a7ff,Credit Card,pending
355,5c3dd080-3dbf-40f9-be98-4d0879ad1be2,Debit Card,pending
356,ab65af4f-ebfc-4b67-80ef-a2ca6677b14a,PayPal,completed
357,80e9f1db-b06e-46ab-8373-7d8b7f712d9d,PayPal,pending
358,d3a2c9ec-97e7-4b2b-908e-9507ead2ae50,PayPal,pending
359,1cd8f610-5cbf-4e51-a1c3-f2bfb6d0b371,Debit Card,pending
360,38762e63-1780-48a9-884c-0fb9150267d4,Debit Card,completed
361,98eb3fc5-ec4d-448a-a572-c348b1362294,PayPal,pending
362,86e72bdf-e978-4985-b4e9-496b07f430a5,PayPal,pending
363,9814525f-1452-4372-913e-23f617b7abf9,Credit Card,pending
364,8b932416-cf51-4508-91e5-ed9623f0f0e9,Credit Card,completed
365,f4ab7527-3857-4c2c-84e1-3c527a1bc79a,Debit Card,completed
366,6ad7786e-4771-42a6-b4b7-42e78a6b6255,Credit Card,pending
367,4fda6ca6-76bc-42ee-821b-01d0f05e747a,Credit Card,pending
368,63ae3d29-c395-49e8-a28a-6c2db5650e48,Credit Card,pending
369,19aaa0e0-e7a3-42b6-9cc3-80cd473b0194,Debit Card,pending
370,8bdb0c26-3d03-4a06-a1d1-9925a373b7c5,Credit Card,completed
371,889228af-075c-4e81-ab3c-0b612f1f1d24,PayPal,completed
372,1ea62137-ec2e-4134-ab36-2ae48f11ecf1,Debit Card,pending
373,72e3fbde-e96d-41b4-90ea-6505fed7d2c2,Credit Card,pending
374,04b285b5-b6a7-44ff-af7e-7ac22d656ba4,PayPal,pending
375,22368092-c1e2-4ed1-b782-c2c8c81dd39d,Debit Card,completed
376,f8e625ee-cd6a-43d3-868b-19957e2d9ba4,Debit Card,pending
377,d71c1166-b713-4f80-8151-891ba4ea0c5d,Credit Card,completed
378,aa4d802c-ab07-42a4-a491-ee54d6dd2621,Debit Card,completed
379,2d068b69-3269-4a7d-a569-de944efb16e3,Debit Card,completed
380,1f348c22-7906-41e7-a3f5-bb8ed6c2a33d,Credit Card,completed
381,ca61633c-d428-40ed-a0fa-b7c08addcdc9,Debit Card,pending
382,c9018cfe-eb9a-43f8-affd-7ffab34ff1a4,PayPal,completed
383,bf552060-2c2c-4ba1-af1e-c0a34e7d12d3,PayPal,completed
384,47de28cd-bda6-4e50-b5b9-9897dbfd5d09,Credit Card,completed
385,86791fa0-fe53-4420-99b3-52b5bdaec7cf,PayPal,completed
386,359d2088-0dcd-4371-b4e2-d4cf45ee71b1,Credit Card,pending
387,47a3a2fc-dd27-4c26-afe5-2eaf19577762,PayPal,pending
388,571a3ccc-b3f1-4bd9-a908-f34d5c72b4c1,PayPal,completed
389,2b7da1b4-a7cf-4247-9d3e-5de7edfbd212,Debit Card,completed
390,bce2cc5a-a463-41c9-80c6-9386a03c16a9,Credit Card,completed
391,0ae65a28-82d7-476a-bf82-f98832d748c4,Credit Card,completed
392,16237c03-dd42-4132-93cc-4a6c7c6a72e5,PayPal,completed
393,82f5067d-a049-4f57-ba0d-8f88b2665f11,Debit Card,pending
394,f1199589-fcaa-4c88-80a1-2f8f130a233d,Debit Card,pending
395,b5da015a-269e-41c3-9eb5-ac9b372651e3,Debit Card,completed
396,ad74aed7-4bd9-4fd5-b325-ce1fa2986156,Credit Card,pending
397,50710318-f018-4fb1-b998-49e103f5580f,Debit Card,pending
398,e7df0774-ae4d-4321-9550-815c2e6a85d4,Debit Card,completed
399,6069d9d5-8ec1-429f-945f-d2136ddfd221,Debit Card,completed
400,1a90fba1-a362-4f9d-9e15-d01117735edf,PayPal,pending
401,611bcc6f-1553-44b7-b487-f751dff6e61d,Debit Card,completed
402,37128bcb-c9a4-47f2-bd0e-1dde155270f1,PayPal,completed
403,c4d55671-3dfa-4e2d-90b7-dbb00380348f,Debit Card,completed
404,611fc62a-800c-4cca-b432-fd698bbb64fa,Debit Card,completed
405,faa5d6d5-0a9e-4fb7-a246-2ae7c740052d,Debit Card,pending
406,6cf28048-4550-4f86-bd20-fac37025e50d,Debit Card,pending
407,b090c23c-c05e-4516-8efc-c9ab0b9c5b90,Credit Card,completed
408,f06a504d-d7f6-4e74-b821-2eea9f1e3db7,Debit Card,completed
409,21e52b25-0fdd-4dc8-8211-fee09835463d,Debit Card,pending
410,6ba4f0b0-de62-4a10-88a1-3fec227d56ce,Credit Card,completed
411,9279a268-1b81-421b-920f-2802202f8d4b,Credit Card,pending
412,f0c8cb40-e948-4bb4-9779-1231037a4526,Debit Card,pending
413,6e66cb7f-b2c8-4f05-b5c8-951d4b73ed63,PayPal,pending
414,fa6acc4c-f977-4e7b-9214-0a25cbb73c70,Credit Card,completed
415,5f0fdd7b-4f92-4bd4-a750-5c538e627184,PayPal,pending
416,b08b0f63-ae27-4563-bdf2-a1e16128be64,Debit Card,pending
417,66fa8707-1b84-441a-b7d2-4e96b129abd4,Credit Card,pending
418,da572e0b-343c-41db-8935-74f3646bd045,Credit Card,completed
419,9fd98fe0-9c0b-4967-81c2-a51051197ac5,Credit Card,pending
420,c2224f16-d05c-43f5-9568-f70b22c0a5cd,Credit Card,pending
421,b89c931c-9611-487d-aada-7e764cf82cf1,Debit Card,pending
422,8f1fd17c-fc88-4790-8cf5-ff7a96a4cba4,PayPal,pending
423,cb995618-592e-4efc-bcef-a8b662ba0058,PayPal,pending
424,6c45fac5-e90b-4b2a-821d-f3baf2a6044e,PayPal,completed
425,88c8756c-3970-494d-98bf-06e162d994d7,PayPal,completed
426,5b1e3f1c-50ff-450d-933a-3767d3a3befd,Debit Card,completed
427,d9a5b396-92d3-4dd8-bbe8-6b01980a9514,Debit Card,completed
428,e76a4f2c-291c-4c59-89f1-3366bde1293c,Credit Card,completed
429,9d72272d-9391-46ae-abf3-71a7012579aa,Debit Card,pending
430,aabf9ffd-1756-46af-84f7-c0a114daea6c,Credit Card,completed
431,87b0fcff-2379-4902-89c5-7df8a12424e1,Credit Card,completed
432,52165389-5635-4876-8428-5704074e8edc,Debit Card,completed
433,f8174eb7-480e-48b8-b204-50e96a9ba217,Credit Card,pending
434,7f78cf3c-99d9-4667-a437-46ff66068e6b,Debit Card,completed
435,d96b6849-3fb6-47b3-b095-2652b7f59c36,PayPal,pending
436,2803e6ff-60d2-45c4-abdc-2c9bdef39de5,Debit Card,completed
437,2b03459b-b7bb-4b3a-8873-b1f2550c1f66,Credit Card,completed
438,e7b99ffe-c6c0-457d-9806-3f74f3131113,Credit Card,pending
439,f6fbc1b3-a514-457b-a9b7-c69b18210f0c,Debit Card,pending
440,28ece7b8-aa3a-4076-ab0b-4691675fe599,Credit Card,pending
441,8e53f826-abc8-4e4e-831d-c41068e4fec3,PayPal,completed
442,b71ae399-f2c6-454a-a1c6-d0c6255e3faa,PayPal,completed
443,3b874647-bbc1-4d7c-aac5-5e1f898ad968,PayPal,completed
444,738857a8-e31a-4234-a170-f74e6a72fdbe,Credit Card,pending
445,5740b363-dc68-4a6d-be5a-df6675527587,PayPal,pending
446,4c41485a-e1fa-4676-b169-bd75ca5ad209,Debit Card,completed
447,a651dfec-11cc-444a-bb7f-4f39628ccbbb,Credit Card,completed
448,c47e6b70-149a-4212-936b-d59e5458d394,Credit Card,completed
449,2110425b-765c-4034-8c45-dd79103e533e,Debit Card,pending
450,b16debcb-9504-44ad-89f4-f27e634b05c6,Debit Card,completed
451,fc259003-4f84-49ef-ba85-abf6bf80a629,Debit Card,completed
452,5698d3ed-1554-42c8-87e3-da295e13b1ff,Credit Card,pending
453,e6ede85f-d22f-4b8c-8b20-aa9c0a817c3f,Credit Card,pending
454,38cfce04-7439-419e-ae49-02382a83f756,PayPal,pending
455,cd9800a5-2ce9-41d0-8454-64fd4dc292c3,Debit Card,completed
456,c28b4cba-f999-4327-85cb-6950fb9592aa,Debit Card,completed
457,f08b41d1-9a1c-4b5c-bf38-079a3f6f2bb0,PayPal,completed
458,67afce02-0133-4daa-b5b0-4ca5d7714962,Debit Card,pending
459,3d8d53d7-1635-4522-8595-82a0c2ff0981,Debit Card,completed
460,1e5669c0-c0a5-45e5-9d22-15fade33ef29,PayPal,completed
461,6e2ed60a-93bc-4074-aa9f-f35fa3150041,Credit Card,completed
462,fa7bda37-bca5-489a-9e66-fc1f7ce2001c,Debit Card,completed
463,3f0357cc-dd7b-4f29-8882-e61d248605ce,Debit Card,completed
464,1e0eb208-07ab-4085-aa27-d0053d510015,Debit Card,completed
465,712c1d62-876f-4a0e-92c6-b3b4598771f7,Credit Card,pending
466,6b2cd0d1-f3bb-4655-8328-5452dd4af131,Credit Card,completed
467,cc6df5ee-fda2-445b-aaf8-39c04778077b,Credit Card,pending
468,3fbedd85-2cf7-4538-837e-6f652af35ea7,Credit Card,pending
469,ee4d33bf-a5a0-4f95-b4af-2bfbfe6f486d,Credit Card,completed
470,28268859-1fd1-4bce-a8f2-193b186f4d6d,PayPal,pending
471,489c2793-347b-4b02-9718-37e07e57f3ef,PayPal,pending
472,8ecd57f0-36b2-4c51-88a0-04765ecdb7ac,PayPal,completed
473,12b78d87-af01-4827-bcd0-7772e4f970e2,Credit Card,pending
474,6adac7f7-2ead-410c-9298-8d6b4ff33fa5,Credit Card,completed
475,0f94d5b8-38b8-4174-9100-a987cd81d9e0,Credit Card,completed
476,cdaafbb2-565a-4ae3-85e8-36c115d38d57,Debit Card,completed
477,be21937c-eefe-45af-819e-b7e2dde99698,Credit Card,pending
478,d8deeb1b-edea-4b86-bc30-a6e292b9106b,PayPal,pending
479,16b1c166-c9a1-4899-8dd7-0b2863b7421e,Debit Card,completed
480,c5650588-5c4b-4168-a47a-6852f2c82145,PayPal,completed
481,506fbce7-a3ac-46c7-b189-376121b7338b,Credit Card,pending
482,91a7fce9-725f-4f6a-9f85-a4488b1a52bd,Debit Card,pending
483,5a18d276-eb7e-46ed-a20c-86ded33db9c4,Credit Card,pending
484,b464292d-b8bd-4f7f-8640-aac2dd8b1463,Credit Card,pending
485,5fa8ccfe-d2ae-46cc-a4ee-2a22455e9cdb,Debit Card,pending
486,26aea3f2-e7c5-4905-9aca-26523ea71046,Debit Card,completed
487,fd6ac3e9-5d87-4d56-94e0-d424e5a64814,Credit Card,pending
488,abe690d5-556e-425c-b77f-44ff4c57908d,PayPal,completed
489,1739029e-88a7-41e7-a42a-f826b9410ed0,PayPal,completed
490,6fc9c3ba-d604-4020-9e61-e8ac3cbf7f0d,PayPal,pending
491,9f5585a8-ed48-49cb-913c-539fe936c049,PayPal,pending
492,56c3b0dd-4f61-48df-bf64-8675119483da,Credit Card,completed
493,84739ba7-4caa-4b80-833b-e696811d3896,Credit Card,completed
494,4e77b531-4cf8-4f59-801c-0bbe0246d4b5,Credit Card,completed
495,5ab7d80c-89ce-4fd9-89c7-255184cad1df,Debit Card,pending
496,36b025fa-1367-42c5-a816-6578b2ded1f0,PayPal,completed
497,30d4dd8f-197f-4a9c-a43f-cfe5c7ca287a,PayPal,pending
498,ec65e47d-9958-4569-ac9c-05e966afb845,Debit Card,pending
499,25e8eca1-29c7-4ee9-9649-6a4e028ff362,Credit Card,completed
500,b0781a27-343a-4387-babc-3ec7ff6b3431,Credit Card,completed
501,4ed316a8-70e6-4101-a0cc-18928476c7ec,PayPal,completed
502,df645318-51c2-48be-9ac7-c73b855383f7,Debit Card,pending
503,8c61f334-722c-4195-80d6-6d65d12d62d7,Credit Card,pending
504,eff1df9e-1bff-417e-92ae-534c7d42801f,Debit Card,pending
505,0beaa8de-123a-4c8c-a38d-777dd4ce61e0,Credit Card,pending
506,55b861df-0be0-4856-aff5-7da5b64d3547,PayPal,pending
507,7ac73e49-4c64-4a2f-9ecd-cb523fcc2184,Debit Card,completed
508,5f77839c-2902-46d5-b422-a5060e5da142,Debit Card,completed
509,4b934011-14b6-40b8-8e27-b1e2aaaa0e0e,Credit Card,pending
510,4d66d103-81da-4eb7-99bb-7432afb23102,Credit Card,pending
511,ad6bc70e-1d54-4946-977f-3222d05ce415,Credit Card,pending
512,e5e6a8c5-a0fa-42f1-9109-abcd2e0322fc,PayPal,pending
513,2350fc82-1756-407b-ac18-c35438e0a14e,Credit Card,completed
514,fc7220c9-a8dd-4fc7-b2d6-54ec171c1ff3,Debit Card,pending
515,8f66a283-369d-413d-8af1-5249f4f7d009,Debit Card,completed
516,cd8b55dd-615e-45f8-95c7-b65cd8586ea6,Credit Card,pending
517,604a5113-1ce7-4fd4-98de-9552796cccd8,Credit Card,completed
518,2c8bc1f4-3e97-469b-b8ef-26ed8bf37bd5,PayPal,pending
519,c32980c9-f6fe-41ea-9b98-c7d930beeb54,Debit Card,pending
520,947cd1ad-4ba8-483f-9728-000ee3e39e40,Debit Card,completed
521,69c80e82-3f3b-4fc8-a8df-89c9427ec301,PayPal,pending
522,cf9a92cd-f41c-4c1a-aa5b-08e003f59df9,Debit Card,completed
523,d2dda713-181e-4090-8798-054ecf3a5ca1,Credit Card,completed
524,01fa23e0-4632-4c67-9014-5fb0431c009f,Debit Card,pending
525,eea7c471-3d94-4c84-87a0-549616badfb6,Credit Card,pending
526,52a29e70-c4cc-4187-b0af-3c12cb542066,Credit Card,pending
527,28c7c493-0f09-409d-ba8b-69d079c565f3,Credit Card,pending
528,80a70aeb-4486-4dbb-98d2-2eaa4db9afd7,Debit Card,completed
529,4aeb7f20-97c0-4ce2-abd2-d1c78ca7805b,Credit Card,pending
530,873ed8ac-6a1e-4342-ae5d-21aaad939df6,Debit Card,pending
531,452e5be8-3788-4774-8977-82498687ec45,PayPal,completed
532,917f2e8e-c323-4fe3-9f61-5af4fa84eac3,Debit Card,pending
533,ffc848f2-b213-4cd4-b821-bed85ef609ef,Debit Card,pending
534,b88c272b-52ca-429b-9a38-dce53f0500f3,Credit Card,completed
535,f4244b07-486e-426b-9cec-99cbb1a5a95c,PayPal,pending
536,625dcb81-8e22-4af0-8c10-a642aef7d7c0,Credit Card,completed
537,a69e1120-c423-4c9d-9585-1bb11597aafa,Credit Card,completed
538,323e48fc-5cc5-41c0-ac48-3fc4966fcdd7,Credit Card,completed
539,8e18c23a-8a19-4fa5-bcdc-1b3b7d96cd59,Credit Card,pending
540,d8e2af98-6b16-486a-8697-a419edd629cf,PayPal,completed
541,064f6266-66df-4ec2-8ca7-6a192111218e,Debit Card,pending
542,d819ee5d-4b3f-4a6a-90e7-5d1be6e23c97,PayPal,pending
543,75ecc5fc-c849-42e2-ae21-2d2fe96e6f66,Credit Card,completed
544,b5ac737b-73cf-4ec0-9f07-50dbea1e3db4,Credit Card,pending
545,a88b1981-4c51-4835-89b5-d2c1a9681c81,PayPal,completed
546,cf94a5c1-3169-4cb1-8548-966f1b816066,Debit Card,pending
547,6ab72f64-0a20-4609-9b86-eff763f2de97,Debit Card,pending
548,f605e622-9aaa-4cbb-9a1b-a4457915d45c,PayPal,pending
549,163dd38d-56ef-4e39-8e7c-693913a7baac,Debit Card,completed
550,5da9d1a0-6852-44f7-96b2-3cd1cac28561,Credit Card,pending
551,f797910e-b05c-4328-8c4e-5c1ae7bcc80a,Credit Card,completed
552,069fc534-9245-4748-8202-010216f1ec3e,Debit Card,completed
553,c02c62a7-b02d-4841-a404-e4b004e26195,Debit Card,pending
554,7e6c2399-83d6-46d4-93fc-f31c0afcdbb9,Credit Card,completed
555,ceb433eb-e7e1-4890-81c5-054277814e97,Credit Card,pending
556,4c4ec682-8e28-43e0-9d17-0d10e007a537,Debit Card,pending
557,28656b94-f2a4-469d-8303-9d727ae4fa51,Credit Card,completed
558,6850a443-b2fd-4574-9db7-fb147644b2d4,PayPal,pending
559,8fbc9538-8167-405f-97ff-7e31a865311d,PayPal,completed
560,a0d8ded7-d481-4467-bcde-5dcd0c1e6c41,Debit Card,pending
561,aec0378d-dc3b-4107-9bc6-f9c245c7e0d9,PayPal,completed
562,250d6d29-8ff5-4e6d-9a43-20241c9ec2ea,Credit Card,pending
563,5c78f68e-3b68-4992-bdab-99963b0cfd6e,Debit Card,pending
564,bf2c0c8d-310d-43b8-bc50-e251cf18b67e,PayPal,completed
565,f086c7eb-3aa0-4bac-a217-764e8b393edd,Credit Card,completed
566,9763a4bb-16fc-4e02-a64e-47c83b8cc431,Credit Card,completed
567,42e33e3e-ed95-48bb-92ab-74651ad1e1e0,Debit Card,completed
568,dfe35a3c-6f56-4804-b92c-c1effc2accb9,Debit Card,pending
569,6449c028-90da-4e29-bfd9-85f038322a76,PayPal,completed
570,a3ce417e-1993-4356-9e07-4156ffc50746,Credit Card,completed
571,7ba3d80a-4612-4747-8129-1d0db46bbcc3,Debit Card,completed
572,7a6d885d-4eeb-42d2-8280-eb26f5f3554c,Debit Card,pending
573,f4ebe736-8320-46dd-b9be-41efd292b43f,Debit Card,completed
574,ffd8b745-87af-4e52-9c6d-e5914c9a5db6,Credit Card,completed
575,a3216531-b795-481c-a5aa-15414b222d4c,Debit Card,pending
576,d9931329-1b60-4129-8185-ae3a37fb73ab,PayPal,completed
577,6a73583f-7059-4664-8fc9-9ec36dbf3ca5,Debit Card,pending
578,dd6382a1-0b1f-400d-9d70-c465fb3d4b2a,Debit Card,pending
579,b63f5638-07dc-4130-973e-617d2d445d8b,Debit Card,pending
580,a9a882b7-b5a5-434d-a47a-fe0507641108,Debit Card,pending
581,a5c53adb-fd98-4eae-82da-36b4ec1b37d5,Debit Card,pending
582,585db001-683a-4671-8122-b1aca9a97cc0,Credit Card,pending
583,d1b2f69c-b6ae-4331-978a-dcdc2ae1192a,Debit Card,pending
584,ffc499be-4ef6-4bd5-84c3-5a67b8fb2400,PayPal,pending
585,22b9d69d-03d4-41ff-82ff-6e66ec4a6651,PayPal,pending
586,6838bcde-3ca5-4323-a767-035d1b8ec670,PayPal,pending
587,23fc88a9-bad9-4f52-916c-0ccfe0433728,Debit Card,pending
588,e06aa2c5-b040-4957-9cf2-3ca5650c010c,PayPal,pending
589,2a9560da-9123-436f-b390-5edaeb70a779,Credit Card,pending
590,d5ba421d-9312-4086-8a4c-2bc8d86dbe5c,Debit Card,completed
591,ea768b27-46b5-4e9e-99c7-60d58afd016f,Debit Card,pending
592,005d1271-5c37-4af0-9364-d9fe79097ea9,Debit Card,completed
593,3fb8fae4-b7c4-4854-90cc-4c31e876e280,Debit Card,completed
594,4eab0e05-dad4-4abb-bd46-d465b4d6ff8a,Credit Card,pending
595,ec6b7f0d-9c04-400b-b55e-b71778792584,Debit Card,pending
596,25f2c11d-40d6-4e90-956e-c57a0c0b2ad8,PayPal,pending
597,3d53e34a-ed89-437b-a1a3-138645dfa169,PayPal,completed
598,f47e4b57-4e78-46bd-a9f3-7211f635e668,Debit Card,pending
599,13c06cbc-d101-4e8b-8528-4bbb14c5dc2d,Credit Card,pending
600,85fa891f-f5db-4e17-926d-8f5059f0f0af,PayPal,completed
601,15521fe9-25d6-44c5-a5ef-0e7346a7e66d,Credit Card,completed
602,decfffee-8934-4514-bf63-e1558bb4dc75,Debit Card,completed
603,6568f8cf-5d00-4642-83aa-709d6b0167f2,PayPal,completed
604,e91a52d9-c59b-4f33-a0e5-193ade155648,Debit Card,completed
605,9d776df9-80dc-4a55-a315-c51535df50af,Credit Card,completed
606,3d4a924a-f2a4-4f81-842b-4cda70684c4c,Credit Card,completed
607,39661378-78cc-441d-8e74-d391c6a44c32,Debit Card,completed
608,aa8bb47e-9703-41f1-9db3-411ec39e76bb,Debit Card,completed
609,307ecb50-0a62-4f08-a8fe-00e922911759,Credit Card,completed
610,aa66549c-bf7a-4891-82b3-c02199b7bf50,PayPal,completed
611,4d4a0d6d-ab93-42fa-8001-f895dc7e1c10,Credit Card,completed
612,a5d5ddca-6c84-4ab7-bbca-a85acc1a4f33,PayPal,pending
613,96ecda62-b2cd-40a0-a95f-476cf5699033,Debit Card,pending
614,69d08cf3-637b-4bbf-9c38-c448011e6096,Credit Card,completed
615,bd17cd3f-a07b-4b33-836e-71a745e63449,Debit Card,completed
616,47e8d841-5f99-48d3-b3d5-efcf6ec12149,PayPal,pending
617,5be25798-3524-42a2-be39-58a01eb19261,PayPal,pending
618,79b87938-660d-4639-820f-51f596b45f0f,Debit Card,pending
619,dcbfc8be-21e9-4cdc-8f67-0da4cd749208,PayPal,pending
620,5456173a-8a87-4334-a12f-7c51cb20e63e,Debit Card,pending
621,91523e32-2a4f-47ab-885c-a6b06d062cce,Credit Card,completed
622,570bc4e4-85d5-4546-83cf-afb9691187d4,Credit Card,completed
623,75995a83-a165-4503-8ac4-1560ad66a1d7,PayPal,pending
624,f9632173-e1b9-4373-9e1d-4a0757e3d3af,PayPal,pending
625,999c59e0-9a2e-40c8-b0f6-92d90ffe2d0c,PayPal,pending
626,9ac9f74e-6939-4386-8bf7-0864b806de4f,Debit Card,completed
627,2fb676f5-abaf-4490-b014-dfe786e5f1ed,Debit Card,completed
628,c9d8285e-1deb-4246-8a31-19ca311bfcd4,Debit Card,completed
629,0e80ce52-f037-45b3-9dba-6dd457ad2964,Credit Card,pending
630,3e2a7ea8-9443-4ced-aa10-8cfa1943b6cd,PayPal,completed
631,b860af81-c3f3-4116-a285-a546f2ce3072,Debit Card,completed
632,a951f057-4b22-47f7-a879-933743d6750e,Credit Card,pending
633,4313c1bf-d354-417b-a5a8-4c5916680dc7,Credit Card,pending
634,d8bd3953-70b3-42ff-9bbf-579e66a43619,Debit Card,pending
635,d5e2da2e-b1d7-4eb8-b734-176367d31ef4,Debit Card,completed
636,772d090a-7873-416a-8f6f-1765c1829977,PayPal,pending
637,59443654-a639-4658-a53b-bc3d58896845,Credit Card,completed
638,e124c988-a5f6-49a7-93a0-df1702665f1e,PayPal,completed
639,4d2b4361-1be3-4910-8e57-d7939f81d418,Debit Card,pending
640,b956c585-bb95-4e13-a289-bcd1ef7da18f,Credit Card,completed
641,0fb46d43-ad09-44bb-8393-0cf5d672ae5e,Debit Card,completed
642,df56e2a7-e891-48c5-8bb2-32ee418f27e7,Credit Card,pending
643,b2e20291-cc83-44b5-ad00-4cc5567f807f,PayPal,completed
644,688ac03e-a58a-4f0f-bf5e-1e9c769fb3af,PayPal,pending
645,497d8cd7-1ee6-4dca-832f-87a114d0013d,Debit Card,pending
646,0b31af72-62fb-4118-9e24-71f1214af977,Credit Card,completed
647,dbb5460b-2251-4f25-825a-58155a578b35,Credit Card,pending
648,b7541e34-7e05-43fb-bc72-26a0bac9f10c,PayPal,completed
649,2c26fdf2-daa2-4b42-9a4a-4285d2737287,Credit Card,completed
650,befa58e2-f8c0-46f4-98ee-8949e71920ae,Credit Card,pending
651,eea76b79-ddf1-4f90-9cf0-090e166c403a,Debit Card,pending
652,a5608dab-7500-4635-9dec-f1ee987de93e,Credit Card,pending
653,8a1dda94-4dc0-4df1-90a7-e446360557cb,PayPal,pending
654,74dfcae3-a671-45bf-8c87-a9b6b69dc6ca,PayPal,completed
655,0912dedf-1067-4218-abac-cdc5d988ba98,Credit Card,pending
656,ca533470-e29a-407f-ae78-6975162fe5c4,Debit Card,pending
657,142172ca-540b-4843-8289-25ce50ccad93,Credit Card,pending
658,b7ede885-d74a-4811-a2b4-b4bf8b4797ee,Credit Card,pending
659,8390142c-8f84-4c36-832a-2820b9a17f55,PayPal,pending
660,6a20dc2b-4a48-480e-9040-515a3b35b857,Credit Card,pending
661,8cbbc354-149c-4433-b5bf-3f8646ac0c4b,Debit Card,pending
662,37a10b8c-6455-49e2-812f-5cd6a1104ec8,Credit Card,pending
663,e9f8cd0b-874f-4e1e-8403-a7059a7d004c,PayPal,pending
664,d6da803f-3b9e-4ef8-907a-92ef0f2ddebe,PayPal,completed
665,1fa3a916-f753-4fac-bb6f-c81c2c230456,PayPal,pending
666,ade20b8d-b24d-4d60-9c98-19b4cfbd95a0,PayPal,pending
667,f74d493b-d9fc-47a7-aeb5-1475a5a1eb58,Debit Card,completed
668,94b6f1ef-8c85-43fa-9a62-421bd3fd6e4c,PayPal,pending
669,d89b1a68-6cd9-47fa-9728-f1b2eab72b8b,PayPal,pending
670,da3aca36-efe6-4326-a8ca-83d4674eb575,Debit Card,completed
671,bac5d9a7-6d97-4bf2-95b8-bf8c632b1a53,Credit Card,pending
672,b02eff2a-6e62-44ed-a583-f905d85c377d,Debit Card,pending
673,1584078d-0730-4222-bd8f-8c7355256f86,Debit Card,completed
674,c531a0eb-364d-4555-a238-4c8443d52d1e,PayPal,pending
675,8f4d78e4-640c-4305-8e2a-72b7e513c0e2,PayPal,completed
676,edeac043-a5db-4b86-8c28-9192d9b71e64,Debit Card,completed
677,99a863d3-7ffe-4e55-a644-cce46596dd61,PayPal,pending
678,461749ac-3532-4264-85b6-5760f0449dad,Credit Card,completed
679,32ba73b6-43d1-4a91-bd1d-94606ecc2630,Credit Card,pending
680,ef84e7c2-d71a-401a-94c1-3cd367cb0bd3,Credit Card,pending
681,f48cb8b3-6419-4bfa-b410-ef6d7aeff618,Credit Card,completed
682,85057359-0658-4eda-92e0-54526e3695f0,Debit Card,pending
683,d2b7b0c8-c1f0-41c7-a99f-e3fcfa60a15f,PayPal,completed
684,5a3554a0-db30-4930-98c9-cf3fd3fbdb6e,Credit Card,completed
685,7737b335-366d-4b47-a5f4-e142a9f07515,Credit Card,pending
686,6e1f07f0-ec1b-459c-b048-006841f2153c,Credit Card,completed
687,ca032383-3b35-43aa-91f3-aa2e473eaca7,Debit Card,completed
688,99f2851f-ca9a-4916-9961-d19d18f73ae9,Credit Card,completed
689,1d7f6ca7-04c2-4c48-9b72-55f0f45bc5df,Credit Card,pending
690,de864c20-39f9-4f3a-b2c1-f0b81da1c43a,PayPal,pending
691,b4fe7a97-4f01-4303-b611-892f01bd7541,Debit Card,pending
692,70d656d7-4f61-4856-bfa7-14ce0a5fa4d2,Credit Card,pending
693,0a3b0161-d5e2-4751-9637-2704a12f4d2c,PayPal,pending
694,6b6aa690-f4e9-4aec-8d55-111343d14a53,Credit Card,pending
695,700dc880-1ba2-46d8-b0ec-1fcc1aceab54,Credit Card,pending
696,dd2a1861-da5d-485f-aec4-22eabd3cd2dc,Credit Card,pending
697,4201ab9c-2a33-4e44-9d89-6afa8ba87508,Credit Card,pending
698,a949fa83-4358-4b7d-b4f2-f6754e3dcdf2,PayPal,completed
699,4921664e-c44f-43b1-821b-fcf1d4f760c5,Debit Card,completed
700,75dcd205-ab92-4191-9e54-1df193757e53,Credit Card,pending
701,77c37f43-6f95-496f-bc32-610c67c80d7f,Credit Card,pending
702,baeb825e-2330-41c2-9a86-85e6234ba6b0,Credit Card,completed
703,85c26eeb-9249-40c4-9ec8-7c0e3e4b29aa,PayPal,completed
704,5aa302a8-f478-4eee-85e8-e6fdfa8895c0,PayPal,completed
705,95f58941-7981-4152-906f-d87b4307af17,Credit Card,pending
706,25b53339-a9f1-4285-8efc-5704992e7a75,PayPal,completed
707,c08f5644-9bb3-4293-ad91-dbe1b4cc7650,Debit Card,pending
708,a1e1007c-4a1b-462c-8c68-ea5b646c7bf2,Debit Card,completed
709,843a3ea7-fef0-4252-87a6-15e7f5773f54,PayPal,pending
710,b05087bb-9ec9-4425-99c1-45c2573e87f9,Debit Card,pending
711,446eda6b-b6d4-4d39-a706-ac7634332a7c,Debit Card,pending
712,9e9dc9b9-b927-4c6d-bf16-64b65e99e222,Credit Card,pending
713,4769ee2e-e2b0-4f88-8a7e-3de07b510dca,Credit Card,pending
714,dbf048c9-af49-4203-aa71-35f5329757ef,PayPal,pending
715,455ab503-f993-4bf7-bf8b-c0a4a94b87cf,Credit Card,pending
716,8da72f61-9cb2-47c4-9d1c-f7b8005caf29,Debit Card,completed
717,10f9df42-0cb7-4395-acdd-cc2db770cf8a,Credit Card,pending
718,6022a2cb-e2c9-4bf2-bc39-75056f6bfba9,Debit Card,pending
719,9bf86a70-d158-4000-adda-aeebbc98e7ff,PayPal,completed
720,404f5121-effd-4f3a-90d2-dea882f7307c,PayPal,pending
721,16f366c2-5263-406a-92db-d6fbca40cef8,PayPal,pending
722,d29c0eb2-ac58-422f-aa75-cfb2afa04735,Credit Card,completed
723,0517542a-3d3e-488a-89c6-54a75d30a4f7,Credit Card,completed
724,fa4e3403-057c-43fa-8aed-882931507c8b,Debit Card,pending
725,412882aa-1ea8-432b-8bdc-3859619a9e2e,PayPal,pending
726,60a37d94-6db5-487d-87ac-0ed81e86f7db,PayPal,pending
727,7f8f27df-f0c9-4312-a3b0-8d1e9585cc60,Debit Card,completed
728,459ee0d3-0822-454d-9cb2-0f042c1d8294,PayPal,pending
729,c3963d5a-29bd-4e5c-a552-e6ca9d5f6a84,PayPal,completed
730,88b25e85-3323-431d-ad6d-12674cb2f82f,Debit Card,pending
731,48bd2e85-650a-4d96-9866-31386291ba30,Credit Card,completed
732,45f119f9-1e4a-46b8-a79b-af8ab0fbc8d4,PayPal,pending
733,ebb91314-e2cf-45ec-bf7c-8be73ca05a18,PayPal,completed
734,99f7e07c-8372-4313-be3c-e1a6661d5a27,Debit Card,pending
735,8c009612-0eca-4882-a64a-863738da4782,PayPal,pending
736,5c96da8b-6fe7-4450-8832-0aaccc558a70,Debit Card,pending
737,6553547c-d7ce-4cd5-980b-506288145478,Credit Card,pending
738,7770f074-8190-4259-836c-d4c75670c03e,Debit Card,completed
739,f46dcebe-7e05-4edb-9fd1-49c8696a5b56,PayPal,completed
740,30f248a7-100e-4e7c-b0ec-75e6b39ad8e4,Credit Card,pending
741,df0d89ab-c6a4-4771-a95e-49705f0d75cf,Credit Card,pending
742,11ad081f-ed3f-4f33-8ebc-7087e6a8b37b,Debit Card,pending
743,95d3d68f-c264-4d79-8221-0a6881cc10d6,Debit Card,completed
744,74c3d3cf-bc59-4b31-8614-8ac5f1e5d7c2,Credit Card,completed
745,e336b776-d01a-47d9-b9a8-d40eb0e04aa5,Debit Card,pending
746,a022b6b8-0844-4bf0-bcdf-e5ad64db29c5,PayPal,pending
747,77357dd4-8b93-4e50-bbfe-077c6b3c2fcc,PayPal,pending
748,16620471-8d8e-45eb-a9af-793cdcd10da9,Debit Card,completed
749,4ac485dc-2025-4d6f-b353-a632ac1349c3,PayPal,completed
750,e539f4ce-f30d-4c7c-8022-e383ea81845b,Credit Card,completed
751,0336bf4e-d62e-46ba-a79a-e3d67f656537,Credit Card,completed
752,8bba51c6-3586-4b0b-859d-a135989af1f0,Credit Card,completed
753,8dd90239-970d-4b3d-92ff-706b3b0ceab4,Credit Card,pending
754,d85703b9-a9db-44cd-b460-cf9c1c2dd83c,PayPal,completed
755,aae99bb2-ca02-4dec-97bf-63f690d66908,Debit Card,completed
756,a933ce2f-6290-4a3e-803d-fecd352ce915,Debit Card,completed
757,68b2f50d-acf7-457a-850b-a33fd7ecf88c,PayPal,completed
758,d7a23783-c907-43d4-aff2-e99781d53acf,Debit Card,completed
759,b2b16ca1-ff68-4dff-bfdc-e1187dd27170,Debit Card,pending
760,31a78189-6f9b-49d9-874c-260b80707506,Credit Card,completed
761,bb1e2355-98db-4d8f-bc10-427ef9012d41,Debit Card,completed
762,a905b552-edc1-4fb5-9c7d-5f42a89de359,PayPal,completed
763,f4247657-9343-4cab-9e12-6decdf1f23ab,Credit Card,completed
764,0e7318b1-8b30-49fd-8ec8-3ea98b76d43e,Credit Card,completed
765,2aee3f90-8a89-468b-820a-527d799dd03d,Credit Card,pending
766,27c761b4-51fc-407f-81f7-c338b3ae1dd1,Debit Card,completed
767,7096fe16-583a-4da9-aa2d-de42b98a6121,Credit Card,pending
768,7e2e5643-30b0-451b-94e8-3b072fe3238d,Debit Card,pending
769,2b222520-df0d-4a37-88c8-64e1d1b530a6,Debit Card,completed
770,84a73f5f-da14-4ec3-8b0e-3467fdb41a8d,Debit Card,pending
771,f0dba88e-0903-4888-8eb6-d15ba217b572,PayPal,completed
772,b2aa660a-0397-40ac-bc28-d0519bdd4fd1,PayPal,completed
773,9c0d967b-61b6-46f0-944d-c4b52de0abfb,Credit Card,completed
774,ced4cea1-4874-43af-9d42-06eae16c81b5,PayPal,completed
775,95bae049-0fb5-493c-accd-7a3d00cef663,Credit Card,completed
776,14d271a7-2679-42b4-97ec-2b2fbf375a3a,Debit Card,pending
777,93d58ea7-9f83-44e8-bf72-efafd2e3a03d,Debit Card,pending
778,08694cf9-b737-4600-aa21-b1c13ed6f39f,Debit Card,pending
779,6012c1ea-c25f-41a9-bd61-a8fec2925849,Credit Card,completed
780,06696274-ee21-4e21-84d1-c8400488b6b8,PayPal,completed
781,7156b895-3972-4555-a511-5a20c485870b,Debit Card,completed
782,7d8141a0-8915-48c2-a6d2-d1a886810b46,Credit Card,completed
783,06887b5f-e786-46e4-b614-826f5768940d,PayPal,pending
784,17770075-32d7-49e2-af21-96b4501ed399,PayPal,pending
785,a912991f-9e8d-4cbc-b094-ac3c2ce02f98,Credit Card,pending
786,8c117bf7-882e-4bac-b938-fc6a71ec1ae0,PayPal,completed
787,69a19c8b-e9c0-4ac5-970c-cd3af626455b,PayPal,pending
788,737f5fa3-9c4a-4c18-b11b-3740634a20bb,Credit Card,completed
789,26350723-8d9b-4f20-91ed-b0281190b9b4,PayPal,completed
790,edb31ba1-bd1b-4b41-a1ac-3b682bcce73f,PayPal,pending
791,fcfe7f8e-5380-4063-8abe-eebe76f9c11b,Credit Card,completed
792,dd6368b6-7b06-4319-a7cf-9acb04acce53,PayPal,pending
793,51186c03-0e82-4bc0-a5b2-c595e3e078d2,Debit Card,completed
794,45ff98f6-0822-482e-a11d-1452c78d5748,Credit Card,pending
795,02f8ba73-3185-44f5-beaa-29f23b2f91b7,PayPal,completed
796,fdfe61d0-4daf-455e-9b71-42a4d5bba224,PayPal,completed
797,a2270542-7349-4c1e-b047-661d62690774,Credit Card,pending
798,83e10cf5-488f-4990-993b-867bb7e391d0,Credit Card,completed
799,ec81433f-b598-4478-954c-14ac13b05533,PayPal,pending
800,7402d896-8db1-4ee3-9539-1bf5fc786429,Debit Card,pending
801,0bf139b1-9c34-48c8-be78-883f2ad943d9,Credit Card,completed
802,b1645709-fe78-48b4-a6fc-2691173c287d,PayPal,completed
803,235ec95b-ea3c-4d45-9d34-f759780aeb86,Debit Card,completed
804,a199463b-67fb-4373-b52f-86b9b989b49b,Credit Card,pending
805,7bba88df-3dad-41bd-886b-515495152212,PayPal,pending
806,db50bf35-a5f1-46e2-b860-000cbb7b01b1,Credit Card,completed
807,8c603384-61ce-4f79-8217-739340a01d2f,PayPal,completed
808,6f41937d-a752-4d5e-9685-ced5dfb70778,Debit Card,pending
809,7fab2109-8919-4b87-a1bb-9fd4a1f329cc,PayPal,completed
810,a6830ca5-5a15-4d24-973e-71014a239ed9,Credit Card,completed
811,0d5b1765-046d-45f6-a416-749471d8729a,PayPal,completed
812,512d4e5e-c173-4628-be19-0de98399d3c0,Credit Card,pending
813,61980d94-affa-4760-8c6b-f64543ed837d,Credit Card,completed
814,c4c902b5-a83d-440c-a75e-8024de4e084b,PayPal,pending
815,d25d2760-078f-46e2-af88-ee895aa44884,Debit Card,completed
816,b296f4fc-7dfe-4b0c-a40d-58daefe3ecc7,Debit Card,pending
817,c5a09ebe-9975-42c9-932b-666beb007b0c,PayPal,pending
818,76584e6c-928d-4f04-a4c9-f4ea6f0a0b22,PayPal,completed
819,1fef8f67-20fe-4423-9cf1-80cbf2025f5c,Debit Card,pending
820,f7987552-a822-45b0-8eff-cc388f3e2634,Credit Card,pending
821,c5fa5492-178a-4f28-a47b-0da9bd5030b9,Credit Card,pending
822,cb5d31ff-d7c4-44c5-8ff3-2227083d3361,Debit Card,pending
823,44adb78f-8c84-4c68-9096-fc1a29a9f0db,Debit Card,completed
824,9db32114-0577-456f-aa37-2eca4046db82,Debit Card,completed
825,128fb4b2-4810-4848-bd2c-ece2ffe18845,PayPal,pending
826,3e654ae5-22f3-4f3f-921d-67a1c4bb0998,Debit Card,completed
827,8620b31c-1240-4225-acfe-f0cbcd664d2a,PayPal,pending
828,090a66d1-e3b7-4ff9-bb3c-f778a9153068,Credit Card,pending
829,ae7769cb-e288-4d82-a15e-c8a4c143d902,Debit Card,pending
830,3b949daf-c8bf-4a6f-afee-1b1baa48a8bd,Debit Card,completed
831,8a616e97-4f11-447e-abad-4c228c445dad,Debit Card,pending
832,f596d8e8-1364-4955-a316-6a7107e29e9b,Credit Card,pending
833,769f5bd9-2e89-47ec-977b-b20262c588c0,Credit Card,pending
834,cb9ceb21-4171-4374-8bf2-31eeb4f4d74d,Debit Card,pending
835,464fb152-5b8c-474a-8437-313a881faa05,PayPal,completed
836,b353970a-6fc5-4d1b-afd2-47382e6810c3,PayPal,pending
837,7ee574b9-6ef8-463a-9333-7bcc1c3b5dc8,Debit Card,pending
838,e97ade3b-cf51-455c-adb1-9113b8923b98,Credit Card,completed
839,8e1aa8b2-4a44-47f2-b56e-65bfab0b103f,Debit Card,pending
840,d871cc2f-c704-47fa-86e0-219078c9ddaa,Debit Card,pending
841,fe236b34-32a6-402f-8772-771353d8136c,Debit Card,completed
842,39f75b83-a60d-4d71-a18a-3b567c983dac,PayPal,pending
843,3fdb6b98-82c3-4127-9c7b-fb71a6430ff0,Credit Card,pending
844,92615b55-1b6f-4353-aad5-1ae82d9cb525,Credit Card,pending
845,b28d83cc-3e5f-4aeb-9f27-b8d1d2624a0e,Debit Card,pending
846,d9a48d1f-5b3d-4922-a1ce-8db07ea3bd75,Credit Card,completed
847,3c3c068f-bde6-4d0f-9f98-9423edb3bd7c,Credit Card,pending
848,b536f5a0-0d47-4a93-8e29-b2e46420fd1d,Credit Card,pending
849,72dc6838-db2c-4833-9689-b7413eec0508,Credit Card,completed
850,8c03e480-58ae-489a-bbbd-e351543801ed,PayPal,pending
851,2bfc59f5-5e4d-4e06-9988-fdd5c8ecad7f,Debit Card,completed
852,09b9afe1-4c80-4ec8-b4d5-823abd4a1f29,PayPal,pending
853,8764b073-0485-4a32-8f80-c638984aca5d,Credit Card,completed
854,03bf7bd5-228d-4d72-b2ab-c9d7aa0510cb,Credit Card,completed
855,cc554661-9291-4c9f-ad15-d3230e6fd9b9,PayPal,pending
856,5f992083-919a-4e01-a87f-18e928d54fe6,Debit Card,pending
857,98ee8d5f-6480-45db-934c-6a5b0e4bc504,PayPal,completed
858,f374dc41-77ea-4bb5-9f5d-fc70047ba87e,Debit Card,pending
859,c94d0f3e-eb30-484c-916a-2db1c1d7eb3c,Debit Card,pending
860,633113af-505d-46fe-912f-79c46f6caf12,PayPal,completed
861,85dcd3aa-7aaa-47e1-9907-3e17205f3ebf,PayPal,completed
862,63785afb-d4ca-4466-b985-4ff966fc3c39,Debit Card,completed
863,c3a3f40b-fdcd-4fcb-bb5a-2f67248a2e27,Credit Card,pending
864,e77de6f2-9670-49c1-8cfd-c7b2999431ce,Credit Card,completed
865,6c984981-ae40-4645-bee7-eeb5a5411746,Credit Card,pending
866,64d63894-9e2e-4271-aa1f-3b0eaaee6199,Credit Card,pending
867,3f019dd3-d3bf-4deb-90cd-6280a837932f,Debit Card,pending
868,7fe4ee98-1364-4278-b440-c60affc24ade,PayPal,pending
869,326f1ed0-628f-4d14-978e-3b271ce1acb7,PayPal,completed
870,d3b79e9c-c510-4cea-8dff-70ab9e917384,Debit Card,completed
871,dc4e248c-4171-47d6-895d-21156596af2a,PayPal,pending
872,19047fee-f7df-4afe-9200-0d7724aa9152,Debit Card,pending
873,fc246b0f-a64c-4b7b-a02a-e5a2aa8e6a81,Credit Card,completed
874,477ed0fa-ff75-41f4-a866-90ac69edfa05,Debit Card,pending
875,1d0e6e69-98f2-49f2-b07d-9d488df50ad3,PayPal,completed
876,c49e40a0-7f59-4ad0-aeea-2555ea302e38,Debit Card,pending
877,433690bb-39c7-459f-ab3a-6000a3dd03a5,PayPal,completed
878,6ecd035e-7d9a-4b65-9544-bdd5de6de536,Credit Card,pending
879,2b31c7ef-c209-4a91-86a9-87aa749b635b,PayPal,pending
880,7c3dbe82-d91c-4461-906e-e41e535c7693,Debit Card,completed
881,51d65a08-1cf1-483e-be68-eb83bb4ad811,PayPal,pending
882,6e01f877-838e-4dd9-a042-52e693da7b22,PayPal,completed
883,2a9e6088-310c-43bb-950e-46e7a533ae6b,PayPal,completed
884,74ce6fdc-c649-4f17-bc3c-35ae39cb8a9c,Credit Card,completed
885,47086294-3266-46c3-8112-41744f526787,Debit Card,pending
886,2265430f-a650-4026-8d0c-2c2dc32e825c,PayPal,completed
887,848e55c1-dc0e-4747-943e-f4944f650eee,Debit Card,pending
888,322e70ae-894f-4b41-a9dc-d34fa62444c5,Debit Card,completed
889,cf8db020-dff2-4332-9793-119317e09805,Credit Card,pending
890,b474758d-5e39-498a-9759-a09306d960cd,Credit Card,pending
891,d0f3cc86-b457-42c6-8129-f81868a005cc,Debit Card,pending
892,218c5dcc-a473-43e1-a898-dcc917778e3a,Debit Card,completed
893,a4d5e672-7b2c-4456-b1e5-636da76959d1,Debit Card,completed
894,483af6ab-61cb-4bec-83f8-11be53119ecc,Debit Card,completed
895,0e66e621-8f50-4322-9287-edea11c6f588,Credit Card,pending
896,7446184e-4157-48f7-b758-01613ac22f28,Debit Card,pending
897,7fa6c99d-46a4-4ad4-88bd-f1476886b8d0,PayPal,completed
898,a462e995-32d7-4262-b88b-c733a27bca98,PayPal,completed
899,f69063da-43b7-4195-b38b-2ccad9be56e6,PayPal,completed
900,34a29b17-d2d1-4d0e-9093-822333817a56,PayPal,completed
901,8208475a-7e61-44e5-a9ec-9697ef179914,Credit Card,completed
902,c86ffbe3-4120-4592-87c2-1753a5a9adf4,Debit Card,pending
903,8b7deb77-2381-405e-a724-d9977cd894e1,PayPal,completed
904,2e644e0c-52b5-474a-b1c5-4d3305c4054f,PayPal,pending
905,d185f59c-7203-4fd7-b34d-2fce8827fc28,Credit Card,pending
906,187b9b6f-6305-4541-87a7-a89c2d0079df,Credit Card,pending
907,0528b841-2072-4180-8880-5c695d7dbc17,Debit Card,pending
908,26702d85-40b9-4cfa-9ee9-65627b4528a0,PayPal,completed
909,cadc0727-dfaf-4348-8fc5-7fa7c1f9389f,Credit Card,completed
910,6c9f6310-1c82-4bb9-b7f6-251396ac4a1f,Debit Card,pending
911,2a2f49fe-c7b5-4d8f-870b-733f5aebb851,PayPal,pending
912,e1f64716-dae4-47ae-8abe-487145a3a0be,PayPal,pending
913,c68671a8-e11a-44cc-9986-9a52dc915c94,Debit Card,pending
914,b2d06e54-09c3-4356-9408-aa823c2a8a5a,PayPal,completed
915,a059e0c9-e042-4f92-a70a-51b339382556,PayPal,completed
916,1428d2d0-ecc6-4609-946d-0bfa7513d964,Debit Card,pending
917,2dd1309b-ed9d-438c-8fcd-52a577bea2f2,Debit Card,completed
918,9ea61a8b-5db4-48f8-8929-46867e059db0,Debit Card,pending
919,3edfeb57-5afc-42eb-b75a-dd65cc9ed3f5,PayPal,pending
920,20ee0559-45db-4498-8027-604509e92de8,PayPal,completed
921,845867e8-2cdc-4a30-9a2b-f65df4d612bc,PayPal,pending
922,dca0ae00-315e-41e0-9e76-9a07db137ee1,PayPal,completed
923,843ac741-1681-4d51-881d-b1a06ed2ff5b,PayPal,pending
924,fc9e715b-771f-4cb3-8e61-86595a70aca7,Debit Card,pending
925,8872beab-e3e8-439f-9fa8-7a873b6ac508,Debit Card,completed
926,d6ca0806-bbd5-4a06-96da-c8f31af1710a,Credit Card,completed
927,dd9a8ff8-248c-41b2-9813-ceb12dab39c0,PayPal,completed
928,e5905d13-79b5-4f63-b393-d2b9c9fe00ab,PayPal,completed
929,134b0d13-493d-45c6-8cb6-69b35eccd5f9,Credit Card,completed
930,fb0f1d22-c912-4729-ba6b-b3a7540968c8,Debit Card,completed
931,da8b327a-e0e6-4b88-9449-1817d53c9b0b,Credit Card,pending
932,9a4534b4-47fa-4999-896c-466937f5a725,Credit Card,completed
933,ad10190e-8db8-49b9-83c4-9ddbb69df4f4,Credit Card,pending
934,4aafeef8-ba97-4566-b0ca-c4796c81545b,PayPal,pending
935,e5f1dd52-a8c9-49a9-a1cc-97dcfd629643,Credit Card,completed
936,4d247ac7-6546-4cd0-beb3-d1735fc4744b,Credit Card,completed
937,a0501220-d18b-4149-bed8-eeac1160b083,Debit Card,pending
938,90976b02-c737-4096-8484-ee5219306124,Credit Card,completed
939,5943fde3-90c7-4d4e-8967-9632d47e0154,Credit Card,completed
940,7388dc0b-2b70-4ce4-a167-33b908380073,Credit Card,pending
941,b9eb56cc-e54e-43c5-b200-b108d9346d8c,PayPal,completed
942,f79fc065-d1bb-43b5-9bf7-1932e6e9287a,Credit Card,completed
943,a2c814b2-9473-404b-a257-3cf0b003c773,Debit Card,pending
944,a00f6b89-d8fc-4214-98ca-63565ee694a0,PayPal,pending
945,09f21447-6c84-460d-bebd-63e52ac1f4f0,Credit Card,pending
946,7a2636d4-a077-46df-abab-91ea9392d863,Credit Card,completed
947,1e9e118d-7e63-43e6-91a6-cb6fc3f39c15,PayPal,completed
948,a18265b5-c2c8-4fcf-9b3a-74e8d47b8145,Credit Card,pending
949,ff67d50b-232e-47ac-98db-e887a40083b5,PayPal,completed
950,39e23a58-149d-4306-b397-1856f0bb8057,Debit Card,completed
951,46c7d660-cd7f-4810-9c7e-9d43a4b627f4,Debit Card,completed
952,8fcf5287-f65d-43f8-8315-227f9ce0116f,Debit Card,completed
953,26a9eb71-fcc0-4749-ab53-cf589318f902,Debit Card,completed
954,4c7544b4-5843-44ad-91af-630caf68380a,Debit Card,pending
955,2185e7d4-c67f-4f9c-acd8-5aae1731019b,Credit Card,pending
956,a8cd9bbd-53b6-462c-b38e-905c9b0a2f84,Credit Card,completed
957,ca8995cd-cd25-43dc-bd2c-abd248cbf455,Debit Card,completed
958,8c036a14-24fe-48a3-8d3b-ac4e84a5d090,PayPal,pending
959,57e617a5-4374-4101-a3f4-943ced292022,PayPal,pending
960,2afe6994-b854-4c52-951b-8bd60d239ac5,PayPal,pending
961,d92511a4-4398-4a56-9936-46945cb847e6,Credit Card,pending
962,0051dabb-411c-4dd2-99fe-bbc376d2c584,Credit Card,pending
963,ccecccdd-89cb-4770-b949-24cccb804c4e,Debit Card,completed
964,ae1dbae7-1448-486b-b9f1-01c8e494b8b0,Debit Card,completed
965,cabe9608-d32d-4731-aba6-56cff0cc5f43,Credit Card,completed
966,84cd7588-3d3e-4572-a131-22924bec6a5a,Credit Card,completed
967,0476a96f-4a12-4e2e-b8d5-4c61fc63dd87,Credit Card,completed
968,fd119688-d5ab-404e-a08b-00cbf3b24191,PayPal,pending
969,238c3322-e5ff-44a8-ad66-d0bb872a790b,Credit Card,pending
970,a014ad92-7148-4c8d-8c38-e5fb874c14af,Debit Card,completed
971,424135ec-0c99-4531-a495-9216fed4bbad,Credit Card,pending
972,0d1fc6a7-69fb-4e27-9b40-28db944efa81,Credit Card,pending
973,87f63deb-015e-478a-b459-7876d12064e3,PayPal,completed
974,eeb1c6a6-4477-497f-8473-c6519194bb11,Credit Card,pending
975,522e1b1e-5f9f-44ea-8ed4-8f8b1c8a1b3e,Debit Card,completed
976,67690213-bb1a-48ba-80f2-5b466beec8a6,Debit Card,pending
977,0e78cf39-604a-4f1d-bbfb-79aacadccd5f,Debit Card,pending
978,40e0a9f8-663e-4421-b456-6891d67ec318,Credit Card,completed
979,545d384c-29c8-4904-8008-c5d5b5bae658,PayPal,completed
980,acba4b9f-1011-41d4-8e3f-66e2f3f5df65,Credit Card,completed
981,3ac6bbb0-c301-4e84-bdfc-a77609cea72d,Debit Card,completed
982,4823630d-1bf4-43f0-a1af-55a555ae21d3,Debit Card,completed
983,d7242eca-61c4-4fcb-97e6-11347e2a8a2f,PayPal,completed
984,bb17468a-7648-4974-b3d6-9f9f1a78cb39,PayPal,pending
985,184827be-c3bd-40a1-a2bb-8b085d58ddc0,PayPal,completed
986,2dac83f2-fddb-4761-b211-ea716feee91c,PayPal,pending
987,08341169-2d82-41d4-8273-fda624f99042,PayPal,pending
988,476f789e-727f-4aad-9395-3d66aec6261a,Credit Card,pending
